Company,Contact
Cascade Hardwood LLC,Kelly Atkinson
Microsoft Corporation,Robert Jones
Merrill Lynch & Co. Inc,Donald Montgomery
Zones Inc,Heather Conrad
Microsoft Corporation,Paul Radding
Microsoft Corporation,Frank Shaw
Microsoft Corporation,Eric Rudder
Microsoft Corporation,Blair Westlake
Microsoft Corporation,Michael Park
Microsoft Corporation,Mindy Mount
Microsoft Corporation,Betsy Webb
Microsoft Corporation,Peter Klein
Microsoft Corporation,Mary Snapp
Microsoft Corporation,David Thompson
Microsoft Corporation,Ted Kummert
Microsoft Corporation,Vahe Torossian
Microsoft Corporation,Rob Bennett
Microsoft Corporation,Jon Roskill
Odessa Memorial Healthcare Center,Alyssa Oestreich
Microsoft Corporation,Sal Mosca
Microsoft Corporation,Anne Hagel
Microsoft Corporation,Pratik Chanda
Microsoft Corporation,Wayne Stead
Microsoft Corporation,Jennifer Dees
Microsoft Corporation,Denise Westerdahl
Microsoft Corporation,Ron Markezich
Microsoft Corp.,Gavriella Schuster
Microsoft Corp.,Maureen Flannagan
Microsoft Corp.,Lauren Woodman
Microsoft Corp.,Kenji Armstrong
Microsoft Corp.,Alex Kipman
Microsoft Corp.,Michael Kropp
Microsoft Corp.,Julie Larson-Green
Microsoft Corp.,Toby Roetto
Microsoft Corp.,Howard Walovitch
Microsoft Corp.,Jean Nielsen
Microsoft Corporation,Matthew Mack
Microsoft Corporation,Randall Kaiser
Microsoft Corporation,Mike McKinley
Microsoft Corporation,Brad Callahan
Microsoft Corporation,Peter Haas
Microsoft Corporation,Fred Pullen
Sterling Savings,Hedi Austin
Microsoft Corporation,Fran Dougherty
Microsoft Corporation,Tara Smith
Microsoft Corporation,Anders Klemets
Microsoft Corporation,Adi Oltean
Microsoft Corporation,Bo Thiesson
Microsoft Corporation,Elizabeth Pangan
Child Care Bureau,Nancy Hutchins
Child Care Bureau,Paul Noski
City of Seattle,Paul Atwater
Microsoft Corporation,Brian Moore
SNC-Lavalin Group Inc.,Gregory Tardanico
F5 Networks Inc,Paul Fong
Sharp Electronics Corporation,Jeff Edelstein
Northwest Commercial Bank,Cliff Rubert
Hyatt Corporation,Margaret Pok
Microsoft Corporation,Lisa Harper
"T-Mobile USA, Inc.",Cynthia Mcclarnon
Itron Inc,Doris Wagar
Mountain West Bank,Stein Berry
Bank of America Corporation,Howard Schultz
Microsoft Corporation,Darren Muir
Time Warner Telecom Inc,Tom Newbury
F5 Networks Inc,Neil Levio
Xerox Corporation,Julie Olsen
Saia Inc,Dennis Ryerson
"Gresham Transfer, Inc.",Rod Hunsaker
Elliott Bay Marina Inc,Bill Obrien
Marriott International Inc,Stephen Higa
Zones Inc,Laurie Mix
ATS Automation Tooling Systems Inc.,Scott Muirhead
Kimball International Inc,Coleen Taylor
"Ryan Snyder Associates, LLC",Donald Wagner
Sterling Johnston & Associates,Devin Easterlin
Union Gospel Mission,Richards Hawkins
Edward White Hospital,Tracey Owen
Holy Name School,Steven Cardonetti
Life Care Centers of America,Bill Macintyre
Providence Medical Center,Bruce Epps
WASHINGTON STATE PUBLIC HEALTH ASSOCIATION INC,Greg Palmanteer
Life Care Centers of America,Ron Johnson
Marriott International Inc,Alice Lafore
SUSTAINABLE FLOORS INC,Alyssa Sims
Microsoft Corporation,Bryan Mulholland
Marriott International Inc,Jim Borda
Kadlec Medical Center,Chris Guantt
Sound Inpatient Physicians,John Cassin
Darigold Inc,Richard Matthews
Xerox Corporation,Art Aslanian
"Workspace Development, Llc",Dana Devol
Sterling Savings Bank,Jason Suk
Pacific Northwest National Laboratory,Ralph Wescott
Premera Blue Cross,Jamie Williams
Clearwater Paper Corporation,Tom Colgrove
Vital Link Pos,Adam Green
Symetra Financial,Andy McMillan
Dendreon Corporation,Malik Rafi
REI,Marilyn Guthrie
